,x,y,gamma1,gamma2
0,0.0,0.0,2.144780034565665,1.0
1,0.001001001001001001,0.027404917995512385,2.1367452450673037,1.0000016330463601
2,0.002002002002002002,0.05348188364883364,2.1287886662752937,1.0000065177330688
3,0.003003003003003003,0.07831762131193891,2.1209093579729386,1.0000146321617163
4,0.004004004004004004,0.1019919473905539,2.1131063847822262,1.0000259541694074
5,0.005005005005005005,0.12457840688867568,2.1053788172437486,1.0000404613624354
6,0.006006006006006006,0.14614484441981745,2.0977257327411167,1.0000581311475207
7,0.007007007007007007,0.16675391703008957,2.0901462162885878,1.0000789407607926
8,0.008008008008008008,0.18646355530103537,2.0826393611985745,1.0001028672946575
9,0.009009009009009009,0.2053273784324353,2.075204269643655,1.0001298877227154
10,0.01001001001001001,0.22339506833283185,2.067840053125977,1.0001599789228488
11,0.011011011011011011,0.24071270715659476,2.0605458328654565,1.0001931176986172
12,0.012012012012012012,0.2573230822097434,2.053320740116794,1.000229280799078
13,0.013013013013013013,0.2732659616938957,2.046163916424115,1.000268444937142
14,0.014014014014014014,0.2885783443599193,2.039074513821069,1.0003105868065696
15,0.015015015015015015,0.3032946857935414,2.0320516949831897,1.000355683097699
16,0.016016016016016016,0.3174471037479916,2.02509463333855,1.0004037105120043
17,0.017017017017017015,0.33106556466842363,2.0182025131420636,1.0004546457755554
18,0.018018018018018018,0.3441780771248456,2.0113745264572405,1.0005084656521366
19,0.01901901901901902,0.35681072888806925,2.00460988826285,1.0005651469514505
20,0.02002002002002002,0.3689880348033761,1.997907809602652,1.0006246665454854
21,0.02102102102102102,0.38073295621177716,1.9912675125161865,1.0006870013756402
22,0.022022022022022022,0.3920668960340746,1.9846882438577778,1.000752128457599
23,0.023023023023023025,0.40301001479932214,1.9781692501857013,1.0008200248962724
24,0.024024024024024024,0.4135812149424883,1.9717097914212394,1.0008906678899205
25,0.025025025025025023,0.42379825304390695,1.9653091380562042,1.0009640347379267
26,0.026026026026026026,0.4336778221864787,1.9589665710553597,1.0010401028472968
27,0.02702702702702703,0.4432356275364297,1.95268138175063,1.0011188497386299
28,0.028028028028028028,0.45248645577045893,1.9464528717283838,1.0012002530515907
29,0.029029029029029027,0.46144423890926145,1.9402803527109695,1.0012842905499222
30,0.03003003003003003,0.470122113061463,1.934163146433468,1.0013709401260322
31,0.031031031031031032,0.47853247253225834,1.928100584516586,1.0014601798051712
32,0.03203203203203203,0.48668701970634753,1.9220920083364896,1.0015519877492451
33,0.03303303303303303,0.4945968110750481,1.9161367688921573,1.001646342260274
34,0.03403403403403403,0.5022722997418376,1.910234226670996,1.0017432217835276
35,0.035035035035035036,0.5097233747086443,1.904383751513124,1.0018426049103597
36,0.036036036036036036,0.5169593972166484,1.8985847224748358,1.001944470380754
37,0.037037037037037035,0.5239892343896496,1.89283652769166,1.002048797085614
38,0.03803803803803804,0.5308212904051017,1.88713856424132,1.0021555640687996
39,0.03903903903903904,0.537463535397103,1.8814902380069214,1.0022647505289357
40,0.04004004004004004,0.5439235322769763,1.8758909635406478,1.0023763358210098
41,0.04104104104104104,0.5502084616404365,1.8703401639281465,1.0024902994577642
42,0.04204204204204204,0.5563251449149971,1.86483727065387,1.0026066211109046
43,0.043043043043043044,0.5622800658877596,1.859381723467471,1.0027252806121314
44,0.044044044044044044,0.5680793907413199,1.8539729702514407,1.002846257954011
45,0.04504504504504504,0.5737289867143768,1.8486104668901093,1.0029695332906932
46,0.04604604604604605,0.5792344394936362,1.8432936771401105,1.0030950869384865
47,0.04704704704704705,0.5846010694342232,1.838022072502371,1.0032228993763024
48,0.04804804804804805,0.5898339466978773,1.8327951320957545,1.0033529512459745
49,0.04904904904904905,0.5949379053903827,1.827612342532371,1.003485223352463
50,0.050050050050050046,0.5999175567730315,1.8224731977946114,1.0036196966639512
51,0.05105105105105105,0.6047773016167364,1.8173771991139724,1.0037563523118445
52,0.05205205205205205,0.6095213417615974,1.8123238548516654,1.00389517159067
53,0.05305305305305305,0.6141536909398788,1.8073126803810486,1.0040361359578958
54,0.05405405405405406,0.61867818491544,1.8023431979718985,1.0041792270336638
55,0.055055055055055056,0.623098490988428,1.7974149366765289,1.00432442660045
56,0.056056056056056056,0.6274181169103968,1.7925274322177567,1.0044717166026558
57,0.057057057057057055,0.6316404192511389,1.7876802268787095,1.0046210791461276
58,0.058058058058058054,0.635768611255513,1.7828728693944835,1.0047724964976237
59,0.05905905905905906,0.6398057702255091,1.7781049148456294,1.0049259510842194
60,0.06006006006006006,0.6437548444600226,1.773375924553476,1.0050814254926619
61,0.06106106106106106,0.6476186597824626,1.7686854659772262,1.0052389024686772
62,0.062062062062062065,0.6513999256839513,1.7640331126128943,1.0053983649162292
63,0.06306306306306306,0.6551012411077808,1.7594184438939742,1.0055597958967404
64,0.06406406406406406,0.6587250998989017,1.7548410450938772,1.0057231786282734
65,0.06506506506506507,0.662273895940581,1.7503005072301099,1.0058884964846757
66,0.06606606606606606,0.6657499279984224,1.7457964269701451,1.0060557329946935
67,0.06706706706706707,0.6691554042909016,1.7413284065389893,1.0062248718410536
68,0.06806806806806806,0.6724924468038271,1.7368960536284026,1.0063958968595195
69,0.06906906906906907,0.6757630953650972,1.7324989813077691,1.006568792037922
70,0.07007007007007007,0.6789693114948304,1.7281368079365536,1.0067435415151662
71,0.07107107107107107,0.6821129820450819,1.7238091570783736,1.0069201295802164
72,0.07207207207207207,0.6851959226420499,1.7195156574166044,1.0070985406710635
73,0.07307307307307308,0.6882198809431285,1.7152559426715295,1.0072787593736763
74,0.07407407407407407,0.6911865397200142,1.7110296515189976,1.0074607704209326
75,0.07507507507507508,0.694097519778546,1.7068364275105479,1.0076445586915412
76,0.07607607607607608,0.6969543827250559,1.702675918995006,1.007830109208949
77,0.07707707707707707,0.6997586335884082,1.698547779041486,1.0080174071402366
78,0.07807807807807808,0.7025117233063674,1.6944516653638302,1.0082064377950049
79,0.07907907907907907,0.7052150510842565,1.6903872402463642,1.0083971866242538
80,0.08008008008008008,0.707869966633326,1.6863541704710643,1.0085896392192524
81,0.08108108108108109,0.7104777722959574,1.6823521272460105,1.008783781310402
82,0.08208208208208208,0.7130397250640631,1.6783807861351596,1.0089795987660968
83,0.08308308308308308,0.7155570384969315,1.674439826989368,1.0091770775915783
84,0.08408408408408408,0.7180308845441813,1.6705289338786955,1.0093762039277856
85,0.08508508508508508,0.7204623952791478,1.6666477950259078,1.0095769640502041
86,0.08608608608608609,0.722852664547774,1.662796102741205,1.009779344367714
87,0.08708708708708708,0.72520274953769,1.6589735533581094,1.0099833314214355
88,0.08808808808808809,0.7275136722718628,1.6551798471705166,1.0101889118835738
89,0.0890890890890891,0.7297864210309887,1.651414688370882,1.0103960725562657
90,0.09009009009009009,0.7320219517085002,1.6476777849895234,1.0106048003704275
91,0.09109109109109109,0.7342211891018147,1.6439688488350026,1.010815082384603
92,0.0920920920920921,0.7363850281432982,1.6402875954355682,1.0110269057838137
93,0.09309309309309309,0.7385143350740444,1.636633743981682,1.0112402578784132
94,0.0940940940940941,0.7406099485636902,1.6330070172695146,1.0114551261029439
95,0.09509509509509509,0.7426726807789039,1.6294071416455076,1.011671498014995
96,0.0960960960960961,0.7447033184033957,1.6258338469518794,1.0118893612940696
97,0.0970970970970971,0.7467026236118237,1.6222868664731074,1.0121087037404508
98,0.0980980980980981,0.7486713350001194,1.6187659368833733,1.012329513274076
99,0.0990990990990991,0.7506101684743315,1.6152707981949228,1.012551777933413
100,0.10010010010010009,0.7525198181002076,1.6118011937073389,1.0127754858743463
101,0.1011011011011011,0.7544009569153893,1.6083568699577053,1.013000625369064
102,0.1021021021021021,0.7562542377062217,1.6049375766716585,1.0132271848049543
103,0.1031031031031031,0.7580802937508929,1.6015430667152815,1.0134551526835043
104,0.1041041041041041,0.7598797395304611,1.5981730960478473,1.0136845176192102
105,0.10510510510510511,0.7616531714095651,1.5948274236753837,1.0139152683384898
106,0.1061061061061061,0.763401168288155,1.5915058116050531,1.0141473936786043
107,0.10710710710710711,0.7651242922256638,1.588208024800321,1.0143808825865845
108,0.10810810810810811,0.7668230890390119,1.5849338311368832,1.0146157241181681
109,0.1091091091091091,0.7684980888756483,1.5816830013594028,1.0148519074367406
110,0.11011011011011011,0.7701498067628383,1.5784553090389404,1.0150894218122843
111,0.1111111111111111,0.771778743134361,1.5752505305311473,1.0153282566203388
112,0.11211211211211211,0.7733853843355882,1.5720684449351803,1.015568401340961
113,0.11311311311311312,0.7749702031080702,1.5689088340532913,1.0158098455577016
114,0.11411411411411411,0.7765336590545232,1.565771482351149,1.0160525789565857
115,0.11511511511511512,0.778076199085086,1.5626561769188012,1.0162965913250988
116,0.11611611611611611,0.7795982578458356,1.559562707432323,1.0165418725511848
117,0.11711711711711711,0.7811002581302063,1.5564908661161072,1.0167884126222513
118,0.11811811811811812,0.7825826112742371,1.5534404477058035,1.0170362016241803
119,0.11911911911911911,0.7840457175363096,1.550411249411868,1.0172852297403525
120,0.12012012012012012,0.7854899664620593,1.5474030708837438,1.0175354872506732
121,0.12112112112112113,0.7869157372351718,1.5444157141746362,1.0177869645306108
122,0.12212212212212212,0.7883233990146187,1.5414489837068754,1.0180396520502428
123,0.12312312312312312,0.7897133112590625,1.5385026862378794,1.0182935403733109
124,0.12412412412412413,0.7910858240388093,1.5355766308266516,1.0185486201562808
125,0.12512512512512514,0.7924412783360236,1.5326706288008745,1.0188048821474154
126,0.12612612612612611,0.7937800063336418,1.5297844937245197,1.019062317185853
127,0.12712712712712712,0.7951023316933975,1.5269180413660215,1.019320916200693
128,0.12812812812812813,0.7964085698236364,1.5240710896669523,1.0195806702100951
129,0.12912912912912913,0.7976990281370546,1.5212434587112404,1.0198415703203805
130,0.13013013013013014,0.7989740062991527,1.5184349706948717,1.020103607725145
131,0.13113113113113112,0.8002337964674194,1.5156454498961125,1.0203667737043804
132,0.13213213213213212,0.8014786835219145,1.512874722646205,1.0206310596236028
133,0.13313313313313313,0.8027089452874798,1.5101226173005429,1.02089645693299
134,0.13413413413413414,0.8039248527480255,1.5073889642103324,1.0211629571665262
135,0.13513513513513514,0.805126670252995,1.5046735956946942,1.0214305519411573
136,0.13613613613613612,0.8063146557166643,1.5019763460132376,1.0216992329559513
137,0.13713713713713713,0.8074890608102621,1.4992970513390678,1.0219689919912687
138,0.13813813813813813,0.8086501311473923,1.4966355497322423,1.0222398209079395
139,0.13913913913913914,0.8097981064629305,1.4939916811136391,1.0225117116464515
140,0.14014014014014015,0.8109332207857279,1.4913652872392547,1.022784656226142
141,0.14114114114114115,0.8120557026053219,1.4887562116749251,1.0230586467444012
142,0.14214214214214213,0.8131657750328615,1.4861642997714348,1.0233336753758815
143,0.14314314314314314,0.8142636559565976,1.483589398640037,1.0236097343717168
144,0.14414414414414414,0.8153495581920136,1.4810313571283524,1.023886816058745
145,0.14514514514514515,0.8164236896268992,1.4784900257966767,1.024164912838745
146,0.14614614614614616,0.817486253361505,1.4759652568946269,1.0244440171876747
147,0.14714714714714713,0.8185374478440209,1.4734569043381949,1.0247241216549228
148,0.14814814814814814,0.8195774670015188,1.4709648236871413,1.0250052188625625
149,0.14914914914914915,0.8206065003665178,1.4684888721227578,1.0252873015046164
150,0.15015015015015015,0.8216247331994676,1.4660289084259686,1.0255703623463301
151,0.15115115115115116,0.8226323466070771,1.463584792955793,1.0258543942234473
152,0.15215215215215216,0.8236295176568771,1.461156387628131,1.0261393900414986
153,0.15315315315315314,0.8246164194879574,1.4587435558948851,1.0264253427750945
154,0.15415415415415415,0.8255932214182414,1.4563461627234127,1.0267122454672266
155,0.15515515515515516,0.8265600890482169,1.4539640745762898,1.0270000912285755
156,0.15615615615615616,0.8275171843613169,1.4515971593914068,1.0272888732368257
157,0.15715715715715717,0.8284646658212351,1.4492452865623482,1.0275785847359884
158,0.15815815815815815,0.8294026884659849,1.4469083269190965,1.0278692190357301
159,0.15915915915915915,0.8303314039991294,1.4445861527090247,1.028160769510712
160,0.16016016016016016,0.8312509608780176,1.442278637578188,1.0284532295999282
161,0.16116116116116116,0.8321615043994032,1.439985656552894,1.0287465928060597
162,0.16216216216216217,0.833063176782259,1.4377070860215635,1.0290408526948303
163,0.16316316316316315,0.8339561172481326,1.4354428037168687,1.0293360028943694
164,0.16416416416416416,0.8348404620989703,1.4331926886981459,1.0296320370945835
165,0.16516516516516516,0.8357163447925345,1.430956621334062,1.029928949046533
166,0.16616616616616617,0.8365838960156193,1.4287344832855677,1.030226732561813
167,0.16716716716716717,0.8374432437549021,1.4265261574890868,1.0305253815119484
168,0.16816816816816815,0.8382945133657685,1.4243315281399855,1.030824889827784
169,0.16916916916916916,0.8391378276390143,1.4221504806762628,1.0311252514988933
170,0.17017017017017017,0.839973306865531,1.4199829017625127,1.0314264605729833
171,0.17117117117117117,0.840801068899119,1.4178286792741108,1.0317285111553094
172,0.17217217217217218,0.8416212292173871,1.4156877022816416,1.0320313974081006
173,0.17317317317317318,0.8424339009808696,1.4135598610355744,1.0323351135499836
174,0.17417417417417416,0.8432391950904068,1.411445046951144,1.0326396538554168
175,0.17517517517517517,0.8440372202428454,1.4093431525934712,1.032945012654132
176,0.17617617617617617,0.8448280829851169,1.4072540716629096,1.0332511843305763
177,0.17717717717717718,0.8456118877667337,1.4051776989806,1.0335581633233664
178,0.1781781781781782,0.8463887369907952,1.4031139304742364,1.0338659441247446
179,0.17917917917917917,0.8471587310635194,1.4010626631640626,1.0341745212800413
180,0.18018018018018017,0.847921968442294,1.3990237951490478,1.0344838893871444
181,0.18118118118118118,0.8486785456824968,1.396997225593293,1.0347940430959723
182,0.18218218218218218,0.8494285574828263,1.3949828547126175,1.0351049771079548
183,0.1831831831831832,0.8501720967294962,1.3929805837613465,1.035416686175518
184,0.1841841841841842,0.8509092545390858,1.3909903150193066,1.035729165101575
185,0.18518518518518517,0.8516401203002254,1.3890119517789918,1.0360424087390208
186,0.18618618618618618,0.8523647817141485,1.3870453983329212,1.0363564119902366
187,0.1871871871871872,0.8530833248340459,1.3850905599611976,1.0366711698065931
188,0.1881881881881882,0.853795834103435,1.3831473429192245,1.0369866771879668
189,0.1891891891891892,0.8545023923933667,1.3812156544256045,1.037302929182252
190,0.19019019019019018,0.8552030810386821,1.3792954026502433,1.0376199208848857
191,0.19119119119119118,0.855897979873275,1.377386496702568,1.0379376474383775
192,0.1921921921921922,0.8565871672643656,1.3754888466199766,1.0382561040318363
193,0.1931931931931932,0.8572707201458614,1.3736023633564078,1.038575285900513
194,0.1941941941941942,0.857948714050819,1.3717269587710985,1.0388951883253386
195,0.19519519519519518,0.8586212231430718,1.3698625456174993,1.039215806632474
196,0.1961961961961962,0.8592883202479416,1.368009037532336,1.0395371361928605
197,0.1971971971971972,0.859950076882185,1.3661663490248461,1.0398591724217767
198,0.1981981981981982,0.8606065632831431,1.3643343954661529,1.0401819107783998
199,0.1991991991991992,0.8612578484370763,1.3625130930787968,1.040505346765372
200,0.20020020020020018,0.8619040001068548,1.3607023589264184,1.0408294759283705
201,0.2012012012012012,0.8625450848588117,1.3589021109035813,1.0411542938556824
202,0.2022022022022022,0.8631811680889395,1.3571122677257335,1.0414797961777842
203,0.2032032032032032,0.8638123140484698,1.3553327489193356,1.0418059785669271
204,0.2042042042042042,0.864438585868651,1.3535634748120937,1.042132836736724
205,0.20520520520520522,0.865060045585066,1.3518043665233495,1.0424603664417424
206,0.2062062062062062,0.8656767541611586,1.350055345954612,1.0427885634771024
207,0.2072072072072072,0.8662887715112665,1.3483163357801922,1.0431174236780765
208,0.2082082082082082,0.8668961565230473,1.346587259438001,1.043446942919697
209,0.2092092092092092,0.8674989670792971,1.3448680411204592,1.0437771171163637
210,0.21021021021021022,0.8680972600792727,1.3431586057655285,1.0441079422214599
211,0.2112112112112112,0.8686910914594118,1.3414588790478876,1.0444394142269666
212,0.2122122122122122,0.8692805162136475,1.3397687873701996,1.044771529163089
213,0.2132132132132132,0.869865588413061,1.338088257854533,1.0451042830978792
214,0.21421421421421422,0.8704463612252056,1.336417218333879,1.0454376721368666
215,0.21521521521521522,0.8710228869328137,1.33475559734379,1.0457716924226916
216,0.21621621621621623,0.8715952169521392,1.3331033241141377,1.0461063401347448
217,0.2172172172172172,0.8721634018508064,1.331460328560982,1.0464416114888044
218,0.2182182182182182,0.8727274913652509,1.329826541278549,1.0467775027366852
219,0.21921921921921922,0.8732875344176873,1.3282018935313182,1.0471140101658865
220,0.22022022022022023,0.8738435791327148,1.3265863172462238,1.0474511300992413
221,0.22122122122122123,0.8743956728535027,1.3249797450049519,1.0477888588945783
222,0.2222222222222222,0.8749438621575614,1.323382110036356,1.048127192944376
223,0.22322322322322322,0.8754881928722033,1.3217933462089564,1.0484661286754295
224,0.22422422422422422,0.8760287100895486,1.3202133880235607,1.0488056625485154
225,0.22522522522522523,0.8765654581812096,1.3186421706059712,1.0491457910580637
226,0.22622622622622623,0.8770984808127172,1.3170796296997909,1.0494865107318287
227,0.2272272272272272,0.877627820957391,1.3155257016593365,1.0498278181305705
228,0.22822822822822822,0.8781535209101118,1.3139803234426326,1.0501697098477305
229,0.22922922922922923,0.8786756223006453,1.312443432604514,1.050512182509119
230,0.23023023023023023,0.879194166106656,1.3109149672898022,1.0508552327726004
231,0.23123123123123124,0.8797091926664957,1.309394866226593,1.0511988573277844
232,0.23223223223223222,0.8802207416915835,1.3078830687196226,1.0515430528957175
233,0.23323323323323322,0.8807288522786307,1.3063795146437118,1.0518878162285838
234,0.23423423423423423,0.8812335629214203,1.3048841444373254,1.052233144109401
235,0.23523523523523523,0.8817349115225264,1.303396899096189,1.0525790333517246
236,0.23623623623623624,0.8822329354045321,1.3019177201670042,1.0529254807993544
237,0.23723723723723725,0.8827276713211933,1.3004465497412394,1.0532724833260434
238,0.23823823823823823,0.8832191554682021,1.2989833304490102,1.0536200378352103
239,0.23923923923923923,0.8837074234938378,1.2975280054530391,1.0539681412596529
240,0.24024024024024024,0.8841925105092464,1.2960805184426865,1.0543167905612685
241,0.24124124124124124,0.8846744510985893,1.2946408136280636,1.054665982730772
242,0.24224224224224225,0.8851532793288976,1.2932088357342304,1.0550157147874235
243,0.24324324324324323,0.8856290287597641,1.2917845299954551,1.0553659837787508
244,0.24424424424424424,0.8861017324527781,1.2903678421495588,1.055716786780281
245,0.24524524524524524,0.8865714229807856,1.288958718432334,1.0560681208952738
246,0.24624624624624625,0.8870381324368739,1.2875571055720247,1.056419983254454
247,0.24724724724724725,0.8875018924432818,1.2861629507838872,1.0567723710157502
248,0.24824824824824826,0.8879627341599919,1.2847762017648223,1.057125281364036
249,0.24924924924924924,0.8884206882932171,1.2833968066880714,1.0574787115108715
250,0.2502502502502503,0.8888757851036073,1.2820247141979806,1.0578326586942506
251,0.25125125125125125,0.8893280544144394,1.2806598734048393,1.0581871201783482
252,0.25225225225225223,0.8897775256194755,1.2793022338797728,1.0585420932532723
253,0.25325325325325326,0.8902242276906898,1.2779517456497127,1.0588975752348133
254,0.25425425425425424,0.8906681891859114,1.2766083591924253,1.0592535634642066
255,0.2552552552552553,0.891109438256197,1.2752720254316021,1.059610055307886
256,0.25625625625625625,0.891548002653109,1.273942695732018,1.059967048157245
257,0.25725725725725723,0.8919839097357917,1.272620321894747,1.0603245394284018
258,0.25825825825825827,0.8924171864779861,1.2713048561524343,1.0606825265619637
259,0.25925925925925924,0.8928478594747672,1.2699962511646457,1.0610410070227974
260,0.2602602602602603,0.8932759549492695,1.2686944600132473,1.0613999782997947
261,0.26126126126126126,0.8937014987592001,1.2673994361978727,1.06175943790565
262,0.26226226226226224,0.8941245164031797,1.2661111336314275,1.0621193833766338
263,0.26326326326326327,0.8945450330270559,1.2648295066356576,1.0624798122723682
264,0.26426426426426425,0.8949630734300141,1.2635545099367758,1.0628407221756087
265,0.2652652652652653,0.8953786620705645,1.2622860986611362,1.0632021106920262
266,0.26626626626626626,0.8957918230724313,1.2610242283309663,1.0635639754499877
267,0.26726726726726724,0.896202580230294,1.2597688548601542,1.0639263141003477
268,0.2682682682682683,0.8966109570154465,1.258519934550084,1.0642891243162305
269,0.26926926926926925,0.8970169765812916,1.2572774240855278,1.0646524037928262
270,0.2702702702702703,0.8974206617688008,1.2560412805305814,1.0650161502471795
271,0.27127127127127126,0.8978220351117215,1.2548114613246593,1.0653803614179869
272,0.27227227227227224,0.8982211188418863,1.253587924278534,1.06574503506539
273,0.2732732732732733,0.8986179348941964,1.2523706275704234,1.0661101689707788
274,0.27427427427427425,0.899012504911715,1.2511595297421287,1.066475760936588
275,0.2752752752752753,0.8994048502504137,1.2499545896952193,1.0668418087861031
276,0.27627627627627627,0.8997949919841011,1.2487557666872648,1.0672083103632632
277,0.2772772772772773,0.9001829509090427,1.247563020328111,1.067575263532468
278,0.2782782782782783,0.9005687475485681,1.2463763105762025,1.0679426661783873
279,0.27927927927927926,0.9009524021575867,1.245195597734954,1.0683105162057702
280,0.2802802802802803,0.9013339347270088,1.2440208424491601,1.0686788115392587
281,0.28128128128128127,0.9017133649880936,1.2428520057014514,1.069047550123201
282,0.2822822822822823,0.902090712416651,1.241689048808793,1.0694167299214679
283,0.2832832832832833,0.9024659962372896,1.2405319334190283,1.0697863489172712
284,0.28428428428428426,0.9028392354273989,1.2393806215074574,1.0701564051129833
285,0.2852852852852853,0.9032104487212417,1.2382350753734652,1.0705268965299573
286,0.2862862862862863,0.903579654613836,1.2370952576371872,1.0708978212083529
287,0.2872872872872873,0.9039468713648213,1.2359611312362109,1.0712691772069587
288,0.2882882882882883,0.9043121170022307,1.2348326594223256,1.071640962603021
289,0.28928928928928926,0.9046754093262112,1.2337098057582994,1.072013175492072
290,0.2902902902902903,0.9050367659126346,1.2325925341147101,1.0723858139877591
291,0.2912912912912913,0.9053962041166835,1.231480808666799,1.072758876221677
292,0.2922922922922923,0.9057537410763539,1.2303745938913702,1.0731323603432013
293,0.2932932932932933,0.9061093937158544,1.229273854563727,1.073506264519324
294,0.29429429429429427,0.9064631787489905,1.2281785557546423,1.073880586934491
295,0.2952952952952953,0.906815112682509,1.2270886628273625,1.074255325790438
296,0.2962962962962963,0.9071652118192637,1.2260041414346554,1.0746304793060326
297,0.2972972972972973,0.9075134922614633,1.2249249575158854,1.0750060457171153
298,0.2982982982982983,0.907859969913735,1.2238510772941236,1.0753820232763418
299,0.29929929929929927,0.9082046604862479,1.2227824672732963,1.0757584102530295
300,0.3003003003003003,0.9085475794976737,1.2217190942353648,1.076135204933001
301,0.3013013013013013,0.9088887422781314,1.2206609252375349,1.0765124056184354
302,0.3023023023023023,0.9092281639721674,1.2196079276095058,1.0768900106277122
303,0.3033033033033033,0.909565859541491,1.2185600689507488,1.0772680182952672
304,0.30430430430430433,0.909901843767824,1.217517317127811,1.0776464269714416
305,0.3053053053053053,0.9102361312556372,1.2164796402716613,1.0780252350223358
306,0.3063063063063063,0.9105687364348184,1.215447006775063,1.0784044408296654
307,0.3073073073073073,0.9108996735633483,1.2144193852899676,1.0787840427906163
308,0.3083083083083083,0.9112289567298684,1.21339674472496,1.0791640393177024
309,0.30930930930930933,0.9115565998562412,1.212379054242713,1.0795444288386276
310,0.3103103103103103,0.9118826167000214,1.2113662832574776,1.0799252097961403
311,0.3113113113113113,0.9122070208569771,1.2103584014326079,1.080306380647902
312,0.3123123123123123,0.9125298257634223,1.209355378678108,1.0806879398663467
313,0.3133133133133133,0.9128510446986462,1.2083571851482107,1.0810698859385446
314,0.31431431431431434,0.9131706907872272,1.2073637912389827,1.0814522173660717
315,0.3153153153153153,0.9134887770013018,1.2063751675859553,1.0818349326648717
316,0.3163163163163163,0.9138053161627996,1.205391285061784,1.0822180303651292
317,0.3173173173173173,0.9141203209457018,1.204412114773941,1.0826015090111376
318,0.3183183183183183,0.9144338038781556,1.203437628062418,1.0829853671611682
319,0.31931931931931934,0.914745777344632,1.202467796497473,1.083369603387345
320,0.3203203203203203,0.915056253587997,1.2015025918773945,1.083754216275517
321,0.3213213213213213,0.9153652447115755,1.200541986226287,1.084139204425132
322,0.32232232232232233,0.9156727626811846,1.1995859517918908,1.0845245664491145
323,0.3233233233233233,0.9159788193271142,1.1986344610434156,1.0849103009737397
324,0.32432432432432434,0.9162834263460408,1.1976874866694154,1.0852964066385147
325,0.3253253253253253,0.9165865953030057,1.1967450015756644,1.0856828820960553
326,0.3263263263263263,0.9168883376332294,1.1958069788830816,1.0860697260119685
327,0.32732732732732733,0.9171886646440263,1.1948733919256518,1.086456937064734
328,0.3283283283283283,0.9174875875165872,1.1939442142483996,1.0868445139455836
329,0.32932932932932935,0.9177851173077733,1.1930194196053603,1.0872324553583894
330,0.3303303303303303,0.9180812649518785,1.1920989819575865,1.0876207600195478
331,0.3313313313313313,0.9183760412623532,1.191182875471178,1.0880094266578635
332,0.33233233233233234,0.9186694569335193,1.1902710745153304,1.0883984540144385
333,0.3333333333333333,0.9189615225422222,1.1893635536603964,1.0887878408425598
334,0.33433433433433435,0.9192522485494714,1.1884602876759878,1.089177585907588
335,0.3353353353353353,0.9195416453020671,1.1875612515290865,1.08956768798685
336,0.3363363363363363,0.9198297230341748,1.186666420382172,1.089958145869528
337,0.33733733733733734,0.9201164918689169,1.1857757695913793,1.0903489583565524
338,0.3383383383383383,0.9204019618198488,1.184889274704682,1.090740124260495
339,0.33933933933933935,0.9206861427925572,1.1840069114600718,1.0911316424054645
340,0.34034034034034033,0.9209690445860332,1.1831286557837821,1.0915235116270026
341,0.34134134134134136,0.9212506768942288,1.1822544837885263,1.0919157307719767
342,0.34234234234234234,0.9215310493074753,1.1813843717717396,1.0923082986984824
343,0.3433433433433433,0.9218101713138067,1.180518296213863,1.0927012142757377
344,0.34434434434434436,0.9220880523004833,1.17965623377663,1.0930944763839845
345,0.34534534534534533,0.922364701555262,1.1787981613013778,1.0934880839143881
346,0.34634634634634637,0.9226401282677854,1.1779440558073737,1.0938820357689394
347,0.34734734734734735,0.9229143415309018,1.1770938944901677,1.0942763308603551
348,0.3483483483483483,0.9231873503419211,1.1762476547199534,1.0946709681119824
349,0.34934934934934936,0.9234591636039571,1.17540531403995,1.0950659464577028
350,0.35035035035035034,0.9237297901271521,1.174566850164804,1.0954612648418367
351,0.35135135135135137,0.9239992386299313,1.1737322409790085,1.0958569222190488
352,0.35235235235235235,0.9242675177401956,1.172901464535336,1.0962529175542561
353,0.3533533533533533,0.9245346359965576,1.1720744990532865,1.096649249822533
354,0.35435435435435436,0.9248006018494992,1.1712513229175623,1.097045918009022
355,0.35535535535535534,0.9250654236625337,1.1704319146765485,1.0974429211088426
356,0.3563563563563564,0.9253291097133581,1.169616253040814,1.097840258126999
357,0.35735735735735735,0.9255916681949901,1.1688043168816296,1.098237928078296
358,0.35835835835835833,0.9258531072168177,1.1679960852294986,1.0986359299872441
359,0.35935935935935936,0.9261134348057877,1.1671915372727097,1.0990342628879788
360,0.36036036036036034,0.926372658907386,1.1663906523558951,1.0994329258241693
361,0.3613613613613614,0.9266307873867468,1.1655934099786143,1.0998319178489333
362,0.36236236236236236,0.9268878280296563,1.1647997897939484,1.1002312380247563
363,0.36336336336336333,0.9271437885436334,1.1640097716071016,1.1006308854233997
364,0.36436436436436437,0.9273986765588526,1.1632233353740369,1.1010308591258255
365,0.36536536536536535,0.9276524996292373,1.1624404612001071,1.1014311582221084
366,0.3663663663663664,0.9279052652333307,1.1616611293387096,1.1018317818113548
367,0.36736736736736736,0.9281569807753512,1.1608853201899512,1.1022327290016227
368,0.3683683683683684,0.9284076535860635,1.1601130142993363,1.1026339989098417
369,0.36936936936936937,0.9286572909237688,1.1593441923564507,1.1030355906617313
370,0.37037037037037035,0.9289058999752009,1.1585788351936819,1.1034375033917243
371,0.3713713713713714,0.9291534878563875,1.1578169237849325,1.1038397362428871
372,0.37237237237237236,0.9294000616136463,1.157058439244361,1.104242288366843
373,0.3733733733733734,0.9296456282243338,1.1563033628251282,1.1046451589236947
374,0.3743743743743744,0.9298901945978284,1.1555516759181599,1.1050483470819492
375,0.37537537537537535,0.9301337675762591,1.1548033600509215,1.1054518520184418
376,0.3763763763763764,0.9303763539354696,1.1540583968862042,1.105855672918262
377,0.37737737737737737,0.9306179603857337,1.1533167682209284,1.1062598089746791
378,0.3783783783783784,0.9308585935726508,1.1525784559849526,1.1066642593890699
379,0.3793793793793794,0.9310982600778785,1.1518434422399009,1.1070690233708431
380,0.38038038038038036,0.931336966419968,1.1511117091779988,1.1074741001373722
381,0.3813813813813814,0.9315747190551494,1.15038323912092,1.1078794889139207
382,0.38238238238238237,0.9318115243780201,1.149658014518652,1.1082851889335705
383,0.3833833833833834,0.9320473887223926,1.1489360179483659,1.1086911994371575
384,0.3843843843843844,0.9322823183619959,1.1482172321133004,1.1090975196731947
385,0.38538538538538536,0.9325163195111632,1.147501639841656,1.109504148897811
386,0.3863863863863864,0.9327493983256643,1.1467892240855058,1.1099110863746766
387,0.38738738738738737,0.932981560903295,1.146079967919711,1.11031833137494
388,0.3883883883883884,0.933212813284648,1.1453738545408507,1.1107258831771591
389,0.3893893893893894,0.9334431614537977,1.1446708672661599,1.1111337410672366
390,0.39039039039039036,0.9336726113389406,1.143970989532486,1.1115419043383514
391,0.3913913913913914,0.9339011688131242,1.1432742048952418,1.1119503722908977
392,0.3923923923923924,0.934128839694847,1.142580497027386,1.1123591442324163
393,0.3933933933933934,0.9343556297487521,1.1418898497183998,1.1127682194775341
394,0.3943943943943944,0.9345815446862258,1.141202246873283,1.1131775973479003
395,0.39539539539539537,0.9348065901661028,1.140517672511556,1.1135872771721202
396,0.3963963963963964,0.9350307717952169,1.1398361107662702,1.113997258285698
397,0.3973973973973974,0.9352540951290287,1.1391575458830363,1.1144075400309734
398,0.3983983983983984,0.935476565672261,1.1384819622190538,1.1148181217570596
399,0.3993993993993994,0.9356981888794799,1.1378093442421515,1.1152290028197835
400,0.40040040040040037,0.9359189701556686,1.1371396765298443,1.115640182581625
401,0.4014014014014014,0.9361389148568133,1.136472943768393,1.1160516604116613
402,0.4024024024024024,0.9363580282904954,1.1358091307518712,1.1164634356855017
403,0.4034034034034034,0.9365763157164291,1.1351482223812548,1.1168755077852364
404,0.4044044044044044,0.936793782347031,1.1344902036634998,1.1172878760993725
405,0.40540540540540543,0.9370104333479577,1.1338350597106515,1.117700540022781
406,0.4064064064064064,0.9372262738386801,1.1331827757389459,1.1181134989566388
407,0.4074074074074074,0.9374413088929218,1.132533337067929,1.1185267523083708
408,0.4084084084084084,0.9376555435393286,1.1318867291195758,1.1189402994915973
409,0.4094094094094094,0.9378689827618576,1.131242937417434,1.1193541399260765
410,0.41041041041041043,0.9380816315003525,1.1306019475857596,1.119768273037651
411,0.4114114114114114,0.9382934946510225,1.1299637453486664,1.1201826982581917
412,0.4124124124124124,0.938504577066951,1.129328316529292,1.1205974150255478
413,0.4134134134134134,0.9387148835586051,1.12869564704896,1.1210124227834883
414,0.4144144144144144,0.9389244188942579,1.1280657229263555,1.1214277209816554
415,0.41541541541541543,0.9391331878005413,1.127438530276712,1.1218433090755062
416,0.4164164164164164,0.9393411949628351,1.1268140553109993,1.1222591865262659
417,0.4174174174174174,0.9395484450257943,1.1261922843351273,1.122675352800872
418,0.4184184184184184,0.9397549425938015,1.1255732037491524,1.1230918073719267
419,0.4194194194194194,0.9399606922313584,1.1249568000464876,1.1235085497176465
420,0.42042042042042044,0.9401656984636099,1.1243430598131319,1.123925579321809
421,0.4214214214214214,0.9403699657767315,1.1237319697268993,1.1243428956737072
422,0.4224224224224224,0.9405734986183534,1.1231235165566549,1.1247604982680974
423,0.42342342342342343,0.9407763013980431,1.1225176871615603,1.1251783866051517
424,0.4244244244244244,0.9409783784876714,1.1219144684903257,1.1255965601904123
425,0.42542542542542544,0.9411797342218579,1.1213138475804745,1.1260150185347375
426,0.4264264264264264,0.9413803728983559,1.1207158115576046,1.126433761154261
427,0.4274274274274274,0.9415802987784948,1.1201203476346635,1.1268527875703405
428,0.42842842842842843,0.9417795160875517,1.119527443111233,1.1272720973095134
429,0.4294294294294294,0.9419780290151316,1.1189370853728127,1.1276916899034508
430,0.43043043043043044,0.9421758417155957,1.1183492618901159,1.1281115648889102
431,0.4314314314314314,0.9423729583084132,1.117763960218377,1.1285317218076896
432,0.43243243243243246,0.9425693828785575,1.1171811679966466,1.1289521602065866
433,0.43343343343343343,0.9427651194768731,1.116600872947123,1.1293728796373497
434,0.4344344344344344,0.9429601721204114,1.116023062874459,1.1297938796566365
435,0.43543543543543545,0.9431545447928756,1.1154477256650994,1.130215159825969
436,0.4364364364364364,0.9433482414448827,1.1148748492866118,1.1306367197116909
437,0.43743743743743746,0.9435412659944213,1.114304421787025,1.1310585588849247
438,0.43843843843843844,0.9437336223270724,1.1137364312941809,1.131480676921528
439,0.4394394394394394,0.9439253142964624,1.1131708660150847,1.1319030734020519
440,0.44044044044044045,0.9441163457245992,1.1126077142352624,1.132325747911702
441,0.44144144144144143,0.9443067204021244,1.1120469643181317,1.132748700040291
442,0.44244244244244246,0.9444964420887191,1.1114886047043666,1.1331719293822027
443,0.44344344344344344,0.9446855145133985,1.1109326239112798,1.1335954355363507
444,0.4444444444444444,0.9448739413748645,1.110379010532202,1.1340192181061346
445,0.44544544544544545,0.9450617263417999,1.1098277532358751,1.1344432766994046
446,0.44644644644644643,0.945248873053165,1.1092788407658425,1.1348676109284186
447,0.44744744744744747,0.9454353851185703,1.1087322619398519,1.1352922204098044
448,0.44844844844844844,0.9456212661185087,1.1081880056492621,1.1357171047645198
449,0.4494494494494494,0.9458065196047472,1.1076460608584504,1.1361422636178151
450,0.45045045045045046,0.9459911491005111,1.107106416604234,1.1365676965991947
451,0.45145145145145144,0.9461751581008936,1.1065690619952915,1.136993403342378
452,0.45245245245245247,0.946358550073073,1.1060339862115895,1.137419383485263
453,0.45345345345345345,0.9465413284566342,1.1055011785038136,1.137845636669889
454,0.4544544544544544,0.9467234966638282,1.1049706281928133,1.1382721625423986
455,0.45545545545545546,0.94690505807989,1.1044423246690416,1.1386989607530027
456,0.45645645645645644,0.9470860160632897,1.1039162573920018,1.1391260309559417
457,0.4574574574574575,0.9472663739459943,1.1033924158897035,1.1395533728094547
458,0.45845845845845845,0.9474461350337844,1.1028707897581247,1.1399809859757366
459,0.45945945945945943,0.9476253026064596,1.102351368660672,1.1404088701209087
460,0.46046046046046046,0.9478038799181456,1.1018341423276459,1.1408370249149804
461,0.46146146146146144,0.9479817749457886,1.1013191014739503,1.1412654510196851
462,0.4624624624624625,0.9481591823629739,1.1008062341114988,1.1416941461312426
463,0.46346346346346345,0.9483360091213516,1.1002955311007412,1.1421231109247283
464,0.46446446446446443,0.9485122583750217,1.0997869824343596,1.1425523450853652
465,0.46546546546546547,0.9486879332535771,1.0992805781693482,1.142981848302095
466,0.46646646646646645,0.9488630368624724,1.0987763084265147,1.1434116202675448
467,0.4674674674674675,0.9490375722832117,1.098274163389983,1.1438416606779946
468,0.46846846846846846,0.9492115425736419,1.0977741333066968,1.1442719692333443
469,0.4694694694694695,0.9493849507681321,1.097276208485932,1.1447025456370803
470,0.47047047047047047,0.9495577998778119,1.0967803792988116,1.1451333895962468
471,0.47147147147147145,0.9497300928908704,1.0962866361778283,1.1455645008214093
472,0.4724724724724725,0.9499018327726975,1.0957949696163667,1.1459958790266267
473,0.47347347347347346,0.9500730224661659,1.0953053701682314,1.1464275239294184
474,0.4744744744744745,0.9502436648918016,1.09481782844718,1.1468594352507344
475,0.4754754754754755,0.9504137629480794,1.094332335126462,1.1472916127149226
476,0.47647647647647645,0.9505833195115466,1.0938488809383584,1.147724056049702
477,0.4774774774774775,0.9507523374371206,1.093367456673728,1.1481567649861277
478,0.47847847847847846,0.9509208195582528,1.092888053181557,1.1485897392585658
479,0.4794794794794795,0.9510887686871474,1.0924106613685094,1.1490229786046613
480,0.4804804804804805,0.9512561876149637,1.0919352721984907,1.1494564827653064
481,0.48148148148148145,0.9514230791120425,1.0914618766922046,1.1498902514846165
482,0.4824824824824825,0.9515894459280854,1.0909904659267184,1.1503242845098989
483,0.48348348348348347,0.9517552907923499,1.0905210310350364,1.1507585815916233
484,0.4844844844844845,0.9519206164138609,1.0900535632056678,1.1511931424833932
485,0.4854854854854855,0.9520854254816259,1.089588053682209,1.1516279669419207
486,0.48648648648648646,0.952249720664786,1.0891244937629196,1.1520630547269959
487,0.4874874874874875,0.952413504612788,1.0886628748003104,1.1524984056014587
488,0.48848848848848847,0.9525767799556658,1.0882031882007301,1.1529340193311743
489,0.4894894894894895,0.9527395493041251,1.0877454254239551,1.1533698956850054
490,0.4904904904904905,0.9529018152497989,1.0872895779827922,1.1538060344347818
491,0.49149149149149146,0.9530635803653696,1.086835637442666,1.1542424353552778
492,0.4924924924924925,0.9532248472047964,1.0863835954212337,1.1546790982241841
493,0.4934934934934935,0.9533856183034776,1.0859334435879817,1.1551160228220814
494,0.4944944944944945,0.9535458961784004,1.0854851736638416,1.1555532089324148
495,0.4954954954954955,0.9537056833283634,1.0850387774207986,1.1559906563414684
496,0.4964964964964965,0.9538649822340923,1.084594246681512,1.156428364838338
497,0.4974974974974975,0.954023795358449,1.0841515733189315,1.156866334214908
498,0.4984984984984985,0.9541821251465971,1.083710749255922,1.157304564265825
499,0.4994994994994995,0.9543399740261204,1.0832717664648892,1.1577430547884746
500,0.5005005005005005,0.95449734440728,1.0828346169674117,1.1581818055829514
501,0.5015015015015015,0.954654238683063,1.0823992928338708,1.1586208164520433
502,0.5025025025025025,0.9548106592294108,1.0819657861830871,1.1590600872011994
503,0.5035035035035035,0.9549666084053936,1.081534089181962,1.1594996176385095
504,0.5045045045045045,0.9551220885532973,1.081104194045118,1.1599394075746796
505,0.5055055055055055,0.9552771019988407,1.0806760930345447,1.1603794568230092
506,0.5065065065065065,0.9554316510512818,1.0802497784592489,1.160819765199367
507,0.5075075075075075,0.955585738003619,1.079825242674904,1.1612603325221658
508,0.5085085085085085,0.9557393651326939,1.0794024780835048,1.1617011586123442
509,0.5095095095095095,0.9558925346993624,1.07898147713303,1.1621422432933386
510,0.5105105105105106,0.9560452489486266,1.0785622323170947,1.162583586391065
511,0.5115115115115115,0.9561975101098071,1.0781447361746188,1.1630251877338929
512,0.5125125125125125,0.9563493203966347,1.0777289812894955,1.163467047152625
513,0.5135135135135135,0.9565006820074536,1.0773149602902565,1.1639091644804747
514,0.5145145145145145,0.9566515971253227,1.0769026658497451,1.1643515395530462
515,0.5155155155155156,0.9568020679181303,1.0764920906847921,1.164794172208308
516,0.5165165165165165,0.9569520965388157,1.0760832275558936,1.1652370622865762
517,0.5175175175175175,0.957101685125397,1.075676069266893,1.165680209630491
518,0.5185185185185185,0.9572508358011915,1.075270608664657,1.1661236140849967
519,0.5195195195195195,0.957399550674911,1.0748668386387734,1.166567275497318
520,0.5205205205205206,0.9575478318407545,1.0744647521212307,1.1670111937169436
521,0.5215215215215215,0.9576956813786187,1.0740643420861098,1.167455368595603
522,0.5225225225225225,0.9578431013541711,1.0736656015492843,1.1678997999872447
523,0.5235235235235235,0.9579900938189853,1.0732685235681114,1.1683444877480191
524,0.5245245245245245,0.9581366608106726,1.0728731012411319,1.168789431736257
525,0.5255255255255256,0.9582828043530063,1.072479327707773,1.1692346318124491
526,0.5265265265265265,0.9584285264560107,1.0720871961480534,1.1696800878392275
527,0.5275275275275275,0.9585738291161784,1.0716966997822854,1.1701257996813452
528,0.5285285285285285,0.9587187143164354,1.071307831870791,1.1705717672056575
529,0.5295295295295295,0.9588631840264057,1.0709205857136082,1.171017990281102
530,0.5305305305305306,0.9590072402024543,1.0705349546502063,1.1714644687786822
531,0.5315315315315315,0.9591508847878151,1.0701509320592035,1.1719112025714413
532,0.5325325325325325,0.9592941197127174,1.0697685113580861,1.1723581915344545
533,0.5335335335335335,0.9594369468944594,1.0693876860029254,1.1728054355448014
534,0.5345345345345345,0.9595793682375682,1.0690084494881098,1.173252934481551
535,0.5355355355355356,0.9597213856339205,1.0686307953460592,1.1737006882257437
536,0.5365365365365365,0.9598630009627863,1.0682547171469643,1.174148696660372
537,0.5375375375375375,0.9600042160909771,1.0678802084985093,1.1745969596703654
538,0.5385385385385385,0.960145032872986,1.067507263045609,1.1750454771425682
539,0.5395395395395395,0.9602854531510104,1.0671358744701416,1.1754942489657252
540,0.5405405405405406,0.9604254787551287,1.0667660364906857,1.1759432750304628
541,0.5415415415415415,0.9605651115034048,1.0663977428622609,1.176392555229274
542,0.5425425425425425,0.9607043532019522,1.0660309873760692,1.176842089456497
543,0.5435435435435435,0.9608432056450171,1.0656657638592357,1.1772918776083015
544,0.5445445445445445,0.9609816706151613,1.0653020661745594,1.1777419195826715
545,0.5455455455455456,0.9611197498832982,1.064939888220257,1.1781922152793873
546,0.5465465465465466,0.9612574452087873,1.064579223929715,1.178642764600009
547,0.5475475475475475,0.9613947583395817,1.0642200672712379,1.179093567447863
548,0.5485485485485485,0.9615316910122856,1.0638624122478102,1.1795446237280207
549,0.5495495495495496,0.9616682449522516,1.0635062528968433,1.179995933347286
550,0.5505505505505506,0.9618044218736674,1.0631515832899392,1.1804474962141778
551,0.5515515515515516,0.9619402234797034,1.0627983975326492,1.1808993122389158
552,0.5525525525525525,0.9620756514625451,1.0624466897642362,1.1813513813334018
553,0.5535535535535535,0.9622107075034947,1.0620964541574374,1.1818037034112072
554,0.5545545545545546,0.9623453932730969,1.0617476849182317,1.182256278387555
555,0.5555555555555556,0.9624797104311996,1.0614003762856081,1.1827091061793065
556,0.5565565565565566,0.9626136606270345,1.0610545225313313,1.1831621867049442
557,0.5575575575575575,0.9627472454993253,1.0607101179597183,1.1836155198845588
558,0.5585585585585585,0.9628804666763784,1.0603671569074118,1.184069105639831
559,0.5595595595595596,0.9630133257761451,1.0600256337431493,1.1845229438940215
560,0.5605605605605606,0.9631458244063228,1.0596855428675482,1.1849770345719506
561,0.5615615615615616,0.9632779641644641,1.0593468787128801,1.185431377599989
562,0.5625625625625625,0.9634097466379953,1.0590096357428513,1.1858859729060398
563,0.5635635635635635,0.9635411734043531,1.0586738084523881,1.1863408204195252
564,0.5645645645645646,0.9636722460310512,1.0583393913674182,1.186795920071371
565,0.5655655655655656,0.9638029660757755,1.0580063790446603,1.187251271793998
566,0.5665665665665666,0.963933335086443,1.0576747660714074,1.1877068755212985
567,0.5675675675675675,0.9640633546012545,1.05734454706532,1.1881627311886316
568,0.5685685685685685,0.9641930261488656,1.0570157166742158,1.188618838732805
569,0.5695695695695696,0.9643223512483633,1.0566882695758595,1.189075198092061
570,0.5705705705705706,0.9644513314093989,1.0563622004777655,1.189531809206064
571,0.5715715715715716,0.9645799681322613,1.056037504116986,1.1899886720158888
572,0.5725725725725725,0.9647082629079271,1.0557141752599102,1.1904457864640048
573,0.5735735735735735,0.9648362172181617,1.0553922087020686,1.1909031524942633
574,0.5745745745745746,0.9649638325355779,1.0550715992679291,1.1913607700518856
575,0.5755755755755756,0.9650911103237024,1.0547523418107003,1.1918186390834486
576,0.5765765765765766,0.9652180520370923,1.0544344312121368,1.1922767595368744
577,0.5775775775775776,0.9653446591213618,1.0541178623823477,1.1927351313614145
578,0.5785785785785785,0.9654709330132312,1.0538026302595964,1.193193754507638
579,0.5795795795795796,0.9655968751406883,1.0534887298101168,1.1936526289274214
580,0.5805805805805806,0.9657224869229755,1.0531761560279183,1.1941117545739353
581,0.5815815815815816,0.965847769770671,1.0528649039346047,1.194571131401628
582,0.5825825825825826,0.9659727250858128,1.0525549685791766,1.195030759366221
583,0.5835835835835835,0.9660973542618736,1.0522463450378592,1.1954906384246873
584,0.5845845845845846,0.9662216586839287,1.0519390284139074,1.1959507685352515
585,0.5855855855855856,0.9663456397286392,1.051633013837428,1.1964111496573646
586,0.5865865865865866,0.9664692987643867,1.0513282964652015,1.1968717817517034
587,0.5875875875875876,0.9665926371512775,1.0510248714805006,1.1973326647801523
588,0.5885885885885885,0.9667156562412466,1.0507227340929084,1.1977937987057934
589,0.5895895895895896,0.9668383573780928,1.050421879538147,1.1982551834928972
590,0.5905905905905906,0.9669607418975759,1.0501223030779012,1.1987168191069075
591,0.5915915915915916,0.9670828111274691,1.0498239999996446,1.1991787055144312
592,0.5925925925925926,0.9672045663875989,1.049526965616463,1.1996408426832321
593,0.5935935935935935,0.967326008989909,1.0492311952668911,1.2001032305822108
594,0.5945945945945946,0.9674471402385688,1.048936684314734,1.200565869181402
595,0.5955955955955956,0.967567961429963,1.0486434281489085,1.2010287584519566
596,0.5965965965965966,0.9676884738528305,1.0483514221832666,1.2014918983661387
597,0.5975975975975976,0.9678086787882308,1.0480606618564359,1.2019552888973073
598,0.5985985985985985,0.9679285775096937,1.0477711426316498,1.2024189300199106
599,0.5995995995995996,0.9680481712831918,1.047482859996591,1.2028828217094731
600,0.6006006006006006,0.9681674613673056,1.0471958094632245,1.203346963942587
601,0.6016016016016016,0.9682864490131528,1.046909986567638,1.203811356696899
602,0.6026026026026026,0.9684051354645494,1.0466253868698825,1.2042759999511046
603,0.6036036036036035,0.9685235219579976,1.0463420059538147,1.2047408936849322
604,0.6046046046046046,0.968641609722813,1.0460598394269396,1.2052060378791372
605,0.6056056056056056,0.9687593999810762,1.0457788829202521,1.2056714325154925
606,0.6066066066066066,0.9688768939478173,1.0454991320880893,1.2061370775767737
607,0.6076076076076076,0.9689940928308957,1.0452205826079695,1.2066029730467556
608,0.6086086086086087,0.969110997831279,1.0449432301804435,1.2070691189101956
609,0.6096096096096096,0.9692276101428845,1.0446670705289436,1.2075355151528322
610,0.6106106106106106,0.9693439309527531,1.044392099399633,1.2080021617613674
611,0.6116116116116116,0.9694599614410747,1.044118312561257,1.208469058723463
612,0.6126126126126126,0.9695757027812071,1.043845705804996,1.2089362060277262
613,0.6136136136136137,0.9696911561397836,1.0435742749443184,1.209403603663706
614,0.6146146146146146,0.9698063226767214,1.0433040158148357,1.2098712516218806
615,0.6156156156156156,0.9699212035452792,1.0430349242741572,1.2103391498936478
616,0.6166166166166166,0.970035799892107,1.0427669962017505,1.2108072984713143
617,0.6176176176176176,0.9701501128573089,1.0425002274987922,1.2112756973480934
618,0.6186186186186187,0.9702641435744936,1.042234614088035,1.2117443465180904
619,0.6196196196196196,0.9703778931707862,1.0419701519136628,1.2122132459762927
620,0.6206206206206206,0.9704913627669034,1.0417068369411517,1.2126823957185666
621,0.6216216216216216,0.9706045534772128,1.0414446651571372,1.2131517957416431
622,0.6226226226226226,0.9707174664097579,1.0411836325692707,1.2136214460431125
623,0.6236236236236237,0.9708301026663145,1.0409237352060885,1.2140913466214154
624,0.6246246246246246,0.9709424633424357,1.0406649691168748,1.214561497475832
625,0.6256256256256256,0.9710545495274787,1.0404073303715307,1.2150318986064763
626,0.6266266266266266,0.9711663623046881,1.0401508150604382,1.215502550014287
627,0.6276276276276276,0.9712779027512125,1.0398954192943293,1.2159734517010197
628,0.6286286286286287,0.971389171938142,1.0396411392041585,1.216444603669236
629,0.6296296296296297,0.9715001709306045,1.0393879709409695,1.2169160059222983
630,0.6306306306306306,0.9716109007877252,1.0391359106757665,1.2173876584643617
631,0.6316316316316316,0.9717213625627323,1.0388849545993908,1.217859561300365
632,0.6326326326326326,0.9718315573030197,1.0386350989223878,1.2183317144360204
633,0.6336336336336337,0.9719414860500887,1.0383863398748858,1.218804117877812
634,0.6346346346346347,0.9720511498396935,1.0381386737064695,1.2192767716329804
635,0.6356356356356356,0.9721605497018362,1.0378920966860556,1.219749675709522
636,0.6366366366366366,0.9722696866608327,1.037646605101772,1.2202228301161755
637,0.6376376376376376,0.9723785617353001,1.0374021952608317,1.220696234862419
638,0.6386386386386387,0.9724871759382624,1.0371588634894153,1.2211698899584578
639,0.6396396396396397,0.9725955302771485,1.0369166061325492,1.2216437954152213
640,0.6406406406406406,0.9727036257538509,1.0366754195539856,1.2221179512443539
641,0.6416416416416416,0.9728114633647679,1.0364353001360858,1.2225923574582063
642,0.6426426426426426,0.9729190441008148,1.036196244279701,1.22306701406983
643,0.6436436436436437,0.9730263689474888,1.0359582484040553,1.2235419210929699
644,0.6446446446446447,0.9731334388849374,1.0357213089466315,1.2240170785420572
645,0.6456456456456456,0.9732402548878883,1.0354854223630552,1.2244924864321998
646,0.6466466466466466,0.9733468179258303,1.0352505851269787,1.2249681447791796
647,0.6476476476476476,0.973453128962945,1.0350167937299721,1.2254440535994418
648,0.6486486486486487,0.9735591889581753,1.0347840446814063,1.2259202129100908
649,0.6496496496496497,0.9736649988652871,1.0345523345083434,1.2263966227288814
650,0.6506506506506506,0.9737705596328554,1.034321659755426,1.226873283074213
651,0.6516516516516516,0.9738758722043621,1.0340920169847665,1.2273501939651215
652,0.6526526526526526,0.9739809375181903,1.0338634027758378,1.227827355421274
653,0.6536536536536537,0.9740857565076521,1.0336358137253647,1.2283047674629637
654,0.6546546546546547,0.9741903301010447,1.0334092464472189,1.2287824301110983
655,0.6556556556556556,0.9742946592217052,1.033183697572308,1.2292603433871996
656,0.6566566566566566,0.9743987447879949,1.0329591637484719,1.229738507313393
657,0.6576576576576576,0.9745025877133697,1.0327356416403772,1.2302169219124015
658,0.6586586586586587,0.9746061889064198,1.0325131279294117,1.230695587207541
659,0.6596596596596597,0.9747095492708464,1.0322916193135818,1.2311745032227135
660,0.6606606606606606,0.9748126697055881,1.03207111250741,1.231653669982399
661,0.6616616616616616,0.9749155511047788,1.0318516042418306,1.2321330875116525
662,0.6626626626626626,0.9750181943577915,1.03163309126409,1.2326127558360955
663,0.6636636636636637,0.975120600349319,1.0314155703376444,1.2330926749819102
664,0.6646646646646647,0.9752227699593392,1.0311990382420615,1.2335728449758345
665,0.6656656656656657,0.9753247040631915,1.0309834917729195,1.2340532658451562
666,0.6666666666666666,0.9754264035316099,1.03076892774171,1.2345339376177042
667,0.6676676676676676,0.9755278692307239,1.030555342975739,1.2350148603218478
668,0.6686686686686687,0.9756291020221106,1.0303427343180291,1.2354960339864847
669,0.6696696696696697,0.9757301027628207,1.0301310986272258,1.2359774586410408
670,0.6706706706706707,0.9758308723054342,1.0299204327774991,1.2364591343154616
671,0.6716716716716716,0.9759314114980345,1.0297107336584483,1.236941061040207
672,0.6726726726726726,0.976031721184291,1.0295019981750104,1.2374232388462438
673,0.6736736736736737,0.9761318022034657,1.029294223247362,1.2379056677650457
674,0.6746746746746747,0.9762316553904484,1.0290874058108312,1.238388347828582
675,0.6756756756756757,0.976331281575789,1.0288815428158005,1.238871279069314
676,0.6766766766766766,0.9764306815857048,1.0286766312276192,1.2393544615201906
677,0.6776776776776777,0.9765298562421666,1.0284726680265084,1.2398378952146438
678,0.6786786786786787,0.9766288063628392,1.0282696502074742,1.240321580186579
679,0.6796796796796797,0.9767275327611916,1.0280675747802148,1.240805516470374
680,0.6806806806806807,0.9768260362464817,1.0278664387690353,1.2412897041008715
681,0.6816816816816816,0.9769243176238029,1.0276662392127538,1.2417741431133766
682,0.6826826826826827,0.9770223776941046,1.027466973164617,1.2422588335436475
683,0.6836836836836837,0.9771202172542189,1.0272686376922147,1.2427437754278934
684,0.6846846846846847,0.9772178370968498,1.027071229877388,1.24322896880277
685,0.6856856856856857,0.9773152380107147,1.026874746816148,1.2437144137053715
686,0.6866866866866866,0.9774124207804435,1.026679185618587,1.244200110173228
687,0.6876876876876877,0.9775093861866659,1.026484543408798,1.2446860582442993
688,0.6886886886886887,0.9776061350060359,1.0262908173247842,1.2451722579569733
689,0.6896896896896897,0.9777026680112528,1.0260980045183812,1.2456587093500546
690,0.6906906906906907,0.9777989859710768,1.0259061021551712,1.246145412462766
691,0.6916916916916916,0.977895089650401,1.0257151074144006,1.2466323673347406
692,0.6926926926926927,0.9779909798101615,1.0255250174889,1.2471195740060192
693,0.6936936936936937,0.9780866572075286,1.0253358295849997,1.2476070325170419
694,0.6946946946946947,0.9781821225957987,1.0251475409224517,1.2480947429086486
695,0.6956956956956957,0.978277376724484,1.0249601487343498,1.2485827052220682
696,0.6966966966966966,0.9783724203392908,1.0247736502670475,1.249070919498921
697,0.6976976976976977,0.9784672541822249,1.0245880427800813,1.2495593857812082
698,0.6986986986986987,0.9785618789914873,1.02440332354609,1.2500481041113118
699,0.6996996996996997,0.9786562955016661,1.0242194898507406,1.2505370745319866
700,0.7007007007007007,0.9787505044435794,1.0240365389926471,1.2510262970863595
701,0.7017017017017017,0.9788445065444625,1.0238544682832937,1.2515157718179208
702,0.7027027027027027,0.9789383025278702,1.0236732750469633,1.2520054987705238
703,0.7037037037037037,0.9790318931137733,1.0234929566206554,1.2524954779883792
704,0.7047047047047047,0.9791252790185552,1.0233135103540154,1.252985709516049
705,0.7057057057057057,0.979218460955002,1.023134933609257,1.2534761933984455
706,0.7067067067067067,0.9793114396324211,1.0229572237610907,1.2539669296808251
707,0.7077077077077077,0.9794042157565487,1.0227803781966491,1.254457918408784
708,0.7087087087087087,0.9794967900296505,1.0226043943154106,1.2549491596282558
709,0.7097097097097097,0.9795891631505204,1.0224292695291333,1.2554406533855051
710,0.7107107107107107,0.9796813358144935,1.0222550012617764,1.255932399727126
711,0.7117117117117117,0.9797733087134762,1.0220815869494317,1.2564243987000367
712,0.7127127127127127,0.9798650825359884,1.0219090240402537,1.2569166503514744
713,0.7137137137137137,0.9799566579671346,1.0217373099943854,1.257409154728995
714,0.7147147147147147,0.9800480356886839,1.0215664422838897,1.2579019118804629
715,0.7157157157157157,0.9801392163790349,1.0213964183926818,1.2583949218540573
716,0.7167167167167167,0.9802302007133079,1.0212272358164578,1.258888184698256
717,0.7177177177177178,0.9803209893632763,1.0210588920626236,1.2593817004618424
718,0.7187187187187187,0.9804115829974692,1.0208913846502332,1.2598754691938947
719,0.7197197197197197,0.9805019822811312,1.0207247111099145,1.260369490943786
720,0.7207207207207207,0.9805921878762991,1.0205588689838057,1.2608637657611785
721,0.7217217217217217,0.9806822004417517,1.0203938558254853,1.261358293696021
722,0.7227227227227228,0.9807720206331244,1.0202296691999115,1.2618530747985452
723,0.7237237237237237,0.9808616491028199,1.0200663066833486,1.2623481091192623
724,0.7247247247247247,0.9809510865001393,1.0199037658633066,1.2628433967089583
725,0.7257257257257257,0.9810403334711918,1.0197420443384755,1.26333893761869
726,0.7267267267267267,0.9811293906590036,1.019581139718658,1.2638347318997876
727,0.7277277277277278,0.9812182587034972,1.019421049624711,1.2643307796038392
728,0.7287287287287287,0.9813069382414961,1.0192617716884735,1.2648270807826993
729,0.7297297297297297,0.9813954299067885,1.0191033035527117,1.2653236354884814
730,0.7307307307307307,0.9814837343301236,1.0189456428710504,1.2658204437735496
731,0.7317317317317317,0.9815718521391985,1.0187887873079124,1.2663175056905236
732,0.7327327327327328,0.9816597839587355,1.0186327345384578,1.26681482129227
733,0.7337337337337337,0.9817475304104627,1.0184774822485203,1.2673123906319008
734,0.7347347347347347,0.9818350921131318,1.0183230281345474,1.2678102137627676
735,0.7357357357357357,0.9819224696825737,1.0181693699035386,1.268308290738462
736,0.7367367367367368,0.9820096637316522,1.018016505272986,1.2688066216128127
737,0.7377377377377378,0.9820966748703372,1.0178644319708132,1.2693052064398764
738,0.7387387387387387,0.9821835037057275,1.0177131477353172,1.2698040452739445
739,0.7397397397397397,0.9822701508419934,1.017562650315108,1.2703031381695287
740,0.7407407407407407,0.9823566168804958,1.0174129374690497,1.2708024851813662
741,0.7417417417417418,0.9824429024197135,1.0172640069662044,1.271302086364415
742,0.7427427427427428,0.9825290080553458,1.0171158565857705,1.2718019417738458
743,0.7437437437437437,0.9826149343802398,1.0169684841170288,1.272302051465049
744,0.7447447447447447,0.9827006819844915,1.0168218873592838,1.2728024154936215
745,0.7457457457457457,0.9827862514553872,1.016676064121804,1.2733030339153686
746,0.7467467467467468,0.9828716433774912,1.0165310122237714,1.2738039067863025
747,0.7477477477477478,0.9829568583325933,1.0163867294942202,1.2743050341626352
748,0.7487487487487487,0.9830418968997973,1.0162432137719852,1.274806416100779
749,0.7497497497497497,0.9831267596554756,1.0161004629056427,1.2753080526573417
750,0.7507507507507507,0.9832114471733336,1.0159584747534571,1.275809943889127
751,0.7517517517517518,0.9832959600243538,1.015817247183328,1.2763120898531275
752,0.7527527527527528,0.9833802987769257,1.0156767780727334,1.2768144906065233
753,0.7537537537537538,0.9834644639967478,1.0155370653086764,1.2773171462066808
754,0.7547547547547547,0.9835484562469153,1.0153981067876352,1.277820056711148
755,0.7557557557557557,0.983632276087899,1.0152599004155032,1.2783232221776564
756,0.7567567567567568,0.9837159240776049,1.0151224441075422,1.2788266426641075
757,0.7577577577577578,0.9837994007713156,1.0149857357883265,1.2793303182285851
758,0.7587587587587588,0.9838827067217774,1.0148497733916941,1.279834248929341
759,0.7597597597597597,0.9839658424791933,1.0147145548606904,1.2803384348247953
760,0.7607607607607607,0.9840488085912003,1.014580078147521,1.2808428759735382
761,0.7617617617617618,0.9841316056029739,1.014446341213499,1.281347572434322
762,0.7627627627627628,0.9842142340571164,1.0143133420289923,1.2818525242660612
763,0.7637637637637638,0.9842966944938021,1.0141810785733765,1.2823577315278298
764,0.7647647647647647,0.9843789874506873,1.0140495488349832,1.2828631942788589
765,0.7657657657657657,0.9844611134630038,1.0139187508110512,1.2833689125785321
766,0.7667667667667668,0.9845430730635001,1.0137886825076752,1.2838748864863878
767,0.7677677677677678,0.9846248667825418,1.0136593419397577,1.2843811160621115
768,0.7687687687687688,0.9847064951480271,1.013530727130962,1.2848876013655373
769,0.7697697697697697,0.9847879586854988,1.01340283611366,1.285394342456643
770,0.7707707707707707,0.9848692579180827,1.013275666928887,1.285901339395549
771,0.7717717717717718,0.984950393366532,1.0131492176262942,1.2864085922425164
772,0.7727727727727728,0.985031365549259,1.0130234862640977,1.2869161010579444
773,0.7737737737737738,0.9851121749823055,1.012898470909037,1.2874238659023651
774,0.7747747747747747,0.9851928221794024,1.0127741696363206,1.2879318868364482
775,0.7757757757757757,0.9852733076519499,1.0126505805295871,1.2884401639209906
776,0.7767767767767768,0.9853536319090307,1.0125277016808532,1.2889486972169193
777,0.7777777777777778,0.9854337954574713,1.012405531190471,1.289457486785289
778,0.7787787787787788,0.9855137988017854,1.0122840671670805,1.2899665326872773
779,0.7797797797797797,0.9855936424442345,1.0121633077275658,1.290475834984186
780,0.7807807807807807,0.9856733268848147,1.0120432509970083,1.2909853937374338
781,0.7817817817817818,0.985752852621311,1.011923895108643,1.2914952090085605
782,0.7827827827827828,0.9858322201492509,1.0118052382038132,1.2920052808592215
783,0.7837837837837838,0.9859114299619807,1.0116872784319284,1.2925156093511843
784,0.7847847847847848,0.9859904825506159,1.011570013950416,1.2930261945463297
785,0.7857857857857857,0.9860693784041018,1.0114534429246824,1.2935370365066476
786,0.7867867867867868,0.98614811800919,1.011337563528068,1.294048135294237
787,0.7877877877877878,0.9862267018504751,1.0112223739418014,1.2945594909712999
788,0.7887887887887888,0.9863051304104331,1.0111078723549607,1.295071103600146
789,0.7897897897897898,0.9863834041693421,1.0109940569644282,1.2955829732431834
790,0.7907907907907907,0.9864615236054073,1.0108809259748492,1.2960950999629217
791,0.7917917917917918,0.9865394891946776,1.0107684775985912,1.2966074838219679
792,0.7927927927927928,0.9866173014111467,1.0106567100556991,1.2971201248830262
793,0.7937937937937938,0.9866949607266794,1.0105456215738553,1.297633023208894
794,0.7947947947947948,0.9867724676110645,1.0104352103883396,1.2981461788624602
795,0.7957957957957957,0.9868498225320429,1.0103254747419863,1.2986595919067063
796,0.7967967967967968,0.98692702595528,1.0102164128851459,1.2991732624047003
797,0.7977977977977978,0.9870040783444326,1.010108023075643,1.299687190419598
798,0.7987987987987988,0.9870809801610824,1.010000303578734,1.3002013760146411
799,0.7997997997997998,0.9871577318648167,1.0098932526670736,1.3007158192531532
800,0.8008008008008007,0.9872343339131988,1.0097868686206668,1.3012305201985401
801,0.8018018018018018,0.987310786761821,1.0096811497268376,1.3017454789142862
802,0.8028028028028028,0.9873870908642653,1.0095760942801846,1.3022606954639546
803,0.8038038038038038,0.9874632466721386,1.0094717005825424,1.302776169911185
804,0.8048048048048048,0.9875392546350943,1.0093679669429467,1.3032919023196932
805,0.8058058058058059,0.9876151152008229,1.0092648916775901,1.303807892753264
806,0.8068068068068068,0.9876908288150927,1.009162473109791,1.3043241412757542
807,0.8078078078078078,0.9877663959217089,1.0090607095699486,1.3048406479510941
808,0.8088088088088088,0.9878418169625809,1.0089595993955094,1.305357412843278
809,0.8098098098098098,0.9879170923776953,1.0088591409309298,1.3058744360163692
810,0.8108108108108109,0.9879922226051628,1.0087593325276367,1.3063917175344935
811,0.8118118118118118,0.9880672080811647,1.0086601725439919,1.3069092574618388
812,0.8128128128128128,0.9881420492400416,1.008561659345255,1.3074270558626582
813,0.8138138138138138,0.9882167465142336,1.0084637913035481,1.3079451128012634
814,0.8148148148148148,0.9882913003343564,1.008366566797817,1.3084634283420222
815,0.8158158158158159,0.9883657111291785,1.0082699842137977,1.3089820025493628
816,0.8168168168168168,0.9884399793255667,1.0081740419439782,1.3095008354877666
817,0.8178178178178178,0.9885141053486655,1.0080787383875651,1.310019927221769
818,0.8188188188188188,0.9885880896217054,1.0079840719504474,1.3105392778159592
819,0.8198198198198198,0.9886619325661777,1.0078900410451601,1.3110588873349753
820,0.8208208208208209,0.9887356346017278,1.0077966440908512,1.311578755843507
821,0.8218218218218218,0.9888091961462409,1.0077038795132456,1.31209888340629
822,0.8228228228228228,0.9888826176158504,1.0076117457446117,1.3126192700881094
823,0.8238238238238238,0.9889558994248651,1.0075202412237252,1.3131399159537924
824,0.8248248248248248,0.9890290419858687,1.007429364395838,1.3136608210682108
825,0.8258258258258259,0.9891020457096851,1.0073391137126415,1.3141819854962817
826,0.8268268268268268,0.9891749110054139,1.007249487632234,1.3147034093029593
827,0.8278278278278278,0.9892476382804236,1.007160484619088,1.3152250925532387
828,0.8288288288288288,0.9893202279403597,1.007072103144015,1.3157470353121556
829,0.8298298298298298,0.9893926803891248,1.0069843416841349,1.3162692376447795
830,0.8308308308308309,0.9894649960289827,1.0068971987228412,1.3167916996162166
831,0.8318318318318318,0.9895371752604444,1.00681067274977,1.3173144212916104
832,0.8328328328328328,0.9896092184823833,1.0067247622607667,1.3178374027361326
833,0.8338338338338338,0.9896811260919779,1.006639465757852,1.3183606440149898
834,0.8348348348348348,0.9897528984847471,1.0065547817491929,1.3188841451934188
835,0.8358358358358359,0.9898245360545481,1.0064707087490703,1.3194079063366837
836,0.8368368368368369,0.9898960391935828,1.0063872452778453,1.3199319275100816
837,0.8378378378378378,0.9899674082924512,1.0063043898619297,1.3204562087789307
838,0.8388388388388388,0.9900386437400795,1.0062221410337546,1.3209807502085782
839,0.8398398398398398,0.9901097459238024,1.0061404973317376,1.3215055518643943
840,0.8408408408408409,0.9901807152293493,1.006059457300255,1.322030613811774
841,0.8418418418418419,0.9902515520408074,1.0059790194896068,1.3225559361161314
842,0.8428428428428428,0.9903222567407178,1.0058991824559917,1.3230815188429046
843,0.8438438438438438,0.9903928297099893,1.0058199447614717,1.3236073620575504
844,0.8448448448448448,0.9904632713279815,1.005741304973945,1.324133465825542
845,0.8458458458458459,0.990533581972479,1.005663261667115,1.3246598302123735
846,0.8468468468468469,0.9906037620197203,1.0055858134204603,1.325186455283554
847,0.8478478478478478,0.9906738118443449,1.005508958819206,1.325713341104607
848,0.8488488488488488,0.9907437318195067,1.0054326964542937,1.32624048774107
849,0.8498498498498498,0.9908135223167934,1.005357024922353,1.3267678952584954
850,0.8508508508508509,0.9908831837062504,1.00528194282567,1.3272955637224444
851,0.8518518518518519,0.9909527163564356,1.0052074487721634,1.3278234931984925
852,0.8528528528528528,0.991022120634374,1.0051335413753493,1.328351683752224
853,0.8538538538538538,0.9910913969055797,1.0050602192543185,1.3288801354492288
854,0.8548548548548548,0.9911605455341072,1.004987481033705,1.3294088483551085
855,0.8558558558558559,0.9912295668824802,1.0049153253436593,1.3299378225354719
856,0.8568568568568569,0.9912984613117619,1.0048437508198174,1.330467058055929
857,0.8578578578578578,0.9913672291815624,1.0047727561032789,1.3309965549820983
858,0.8588588588588588,0.9914358708499826,1.004702339840572,1.3315263133796003
859,0.8598598598598598,0.9915043866736969,1.0046325006836327,1.3320563333140596
860,0.8608608608608609,0.9915728701048522,1.0045632372551878,1.3325866118760876
861,0.8618618618618619,0.9916411285432992,1.0044945482900773,1.333117155292179
862,0.8628628628628628,0.9917092622525834,1.0044264324185934,1.3336479604411766
863,0.8638638638638638,0.9917772715833989,1.0043588883140204,1.3341790273887044
864,0.8648648648648649,0.9918451568849802,1.0042919146549123,1.3347103562003848
865,0.8658658658658659,0.9919129185051869,1.0042255101250666,1.3352419469418322
866,0.8668668668668669,0.9919805567904787,1.0041596734134972,1.3357737996786645
867,0.8678678678678678,0.9920480720859073,1.0040944032144101,1.3363059144764904
868,0.8688688688688688,0.992115464735157,1.0040296982271744,1.3368382914009143
869,0.8698698698698699,0.9921827350804759,1.0039655571562989,1.3373709305175332
870,0.8708708708708709,0.9922498834628123,1.0039019787114036,1.3379038318919352
871,0.8718718718718719,0.9923169102216621,1.0038389616071997,1.3384369955897069
872,0.8728728728728729,0.9923838156952575,1.0037765045634564,1.3389704216764162
873,0.8738738738738738,0.9924506002203853,1.003714606304981,1.3395041102176297
874,0.8748748748748749,0.9925172641325373,1.0036532655615948,1.340038061278897
875,0.8758758758758759,0.9925838077658539,1.0035924810681023,1.3405722749257591
876,0.8768768768768769,0.9926502314531617,1.0035322515642708,1.3411067512237453
877,0.8778778778778779,0.9927165355259232,1.0034725757948058,1.3416414902383682
878,0.8788788788788788,0.9927827203142912,1.0034134525093246,1.3421764920351298
879,0.8798798798798799,0.9928487861471285,1.0033548804623325,1.342711756679516
880,0.8808808808808809,0.9929147333519859,1.0032968584131987,1.3432472842369974
881,0.8818818818818819,0.9929805622550846,1.0032393851261332,1.3437830747730275
882,0.8828828828828829,0.9930462731813986,1.0031824593701606,1.3443191283530433
883,0.8838838838838838,0.9931118664545848,1.0031260799190989,1.3448554450424628
884,0.8848848848848849,0.9931773423970277,1.0030702455515332,1.3453920249066866
885,0.8858858858858859,0.9932427013298389,1.0030149550507943,1.3459288680110966
886,0.8868868868868869,0.9933079435728849,1.0029602072049337,1.346465974421052
887,0.8878878878878879,0.9933730694447245,1.0029060008067017,1.3470033442018934
888,0.8888888888888888,0.9934380792626999,1.0028523346535243,1.3475409774189393
889,0.8898898898898899,0.9935029733429,1.002799207547477,1.3480788741374858
890,0.8908908908908909,0.9935677520001694,1.002746618295268,1.348617034422805
891,0.8918918918918919,0.9936324155481168,1.002694565708209,1.349155458340146
892,0.8928928928928929,0.993696964299128,1.0026430486021976,1.349694145954736
893,0.8938938938938938,0.9937615011458846,1.0025920657763556,1.3502330938492422
894,0.8948948948948949,0.9938258263226973,1.0025416160977403,1.3507723088746486
895,0.8958958958958959,0.9938900375852319,1.0024916983751888,1.3513117877938114
896,0.8968968968968969,0.9939541352412619,1.0024423114427088,1.3518515306718515
897,0.8978978978978979,0.9940181195973151,1.0023934541387811,1.3523915375738644
898,0.8988988988988988,0.994081990958706,1.0023451253063376,1.3529318085649158
899,0.8998998998998999,0.9941457496295862,1.0022973237927406,1.3534723437100444
900,0.9009009009009009,0.9942093959129344,1.0022500484497585,1.3540131430742575
901,0.9019019019019019,0.9942729301105414,1.0022032981335478,1.354554206722533
902,0.9029029029029029,0.9943363525230129,1.0021570717046289,1.3550955347198175
903,0.9039039039039038,0.9943996634498263,1.0021113680278668,1.3556371271310264
904,0.9049049049049049,0.994462863189274,1.0020661859724496,1.3561789840210443
905,0.9059059059059059,0.9945259520385153,1.002021524411867,1.3567211054547221
906,0.9069069069069069,0.9945889302935476,1.00197738222389,1.357263491496878
907,0.9079079079079079,0.9946517982492353,1.001933758290551,1.357806142212293
908,0.9089089089089089,0.9947145561993113,1.0018906514981203,1.3583490576657202
909,0.9099099099099099,0.9947772044363705,1.001848060737089,1.358892237921875
910,0.9109109109109109,0.9948397432518806,1.0018059849021475,1.359435683045434
911,0.9119119119119119,0.9949021729362325,1.0017644228921645,1.359979393101043
912,0.9129129129129129,0.9949644937786299,1.0017233736101672,1.3605233681533087
913,0.9139139139139139,0.9950267060672383,1.0016828359633225,1.3610676082667998
914,0.914914914914915,0.9950888100890845,1.0016428088629152,1.3616121135060522
915,0.9159159159159159,0.995150806130109,1.001603291224331,1.3621568839355565
916,0.9169169169169169,0.9952126944751702,1.0015642819670325,1.3627019196197683
917,0.9179179179179179,0.9952744754080287,1.0015257800145445,1.3632472206231072
918,0.9189189189189189,0.9953361492113644,1.0014877842944312,1.363792787009949
919,0.91991991991992,0.9953977161667957,1.0014502937382779,1.3643386188446296
920,0.9209209209209209,0.9954591765548433,1.001413307281673,1.3648847161914457
921,0.9219219219219219,0.9955205306550073,1.001376823864188,1.3654310791146538
922,0.9229229229229229,0.9955817787456892,1.0013408424293557,1.365977707678465
923,0.9239239239239239,0.9956429211042596,1.0013053619246575,1.3665246019470538
924,0.924924924924925,0.9957039580070274,1.0012703813014983,1.367071761984547
925,0.9259259259259259,0.995764889729265,1.0012358995151927,1.367619187855032
926,0.9269269269269269,0.9958257165451972,1.0012019155249439,1.36816687962255
927,0.9279279279279279,0.995886438728026,1.0011684282938238,1.3687148373511013
928,0.9289289289289289,0.9959470565499119,1.00113543678876,1.3692630611046395
929,0.92992992992993,0.9960075702820221,1.0011029399805116,1.369811550947075
930,0.9309309309309309,0.9960679801944594,1.0010709368436546,1.3703603069422723
931,0.9319319319319319,0.9961282865563567,1.0010394263565627,1.370909329154048
932,0.9329329329329329,0.9961884896357915,1.00100840750139,1.371458617646178
933,0.933933933933934,0.9962485896998843,1.0009778792640518,1.3720081724823872
934,0.934934934934935,0.9963085870147382,1.0009478406342094,1.3725579937263541
935,0.9359359359359359,0.9963684818454424,1.000918290605249,1.373108081441714
936,0.9369369369369369,0.9964282744561214,1.000889228174267,1.3736584356920485
937,0.9379379379379379,0.9964879651099076,1.0008606523420522,1.3742090565408966
938,0.938938938938939,0.996547554068973,1.0008325621130674,1.3747599440517428
939,0.93993993993994,0.9966070415944537,1.000804956495432,1.37531109828803
940,0.9409409409409409,0.9966664279465715,1.0007778345009066,1.375862519313146
941,0.9419419419419419,0.9967257133845756,1.0007511951448744,1.3764142071904324
942,0.9429429429429429,0.9967848981667289,1.0007250374463244,1.3769661619831797
943,0.943943943943944,0.9968439825503648,1.0006993604278354,1.3775183837546254
944,0.944944944944945,0.9969029667918456,1.0006741631155587,1.378070872567963
945,0.9459459459459459,0.9969618511465808,1.0006494445392018,1.3786236284863276
946,0.9469469469469469,0.9970206358690746,1.00062520373201,1.3791766515728092
947,0.9479479479479479,0.99707932121285,1.0006014397307532,1.37972994189044
948,0.948948948948949,0.9971379074304929,1.0005781515757073,1.3802834995022053
949,0.94994994994995,0.9971963947737028,1.0005553383106376,1.3808373244710355
950,0.950950950950951,0.9972547834932218,1.0005329989827842,1.3813914168598083
951,0.9519519519519519,0.9973130738388659,1.0005111326428444,1.3819457767313479
952,0.9529529529529529,0.9973712660595515,1.000489738344958,1.3825004041484288
953,0.953953953953954,0.99742936040329,1.00046881514669,1.3830552991737666
954,0.954954954954955,0.9974873571171562,1.0004483621090159,1.3836104618700253
955,0.955955955955956,0.9975452564473276,1.0004283782963048,1.3841658922998148
956,0.9569569569569569,0.9976030586391111,1.0004088627763061,1.3847215905256927
957,0.9579579579579579,0.997660763936888,1.00038981462013,1.3852775566101543
958,0.958958958958959,0.9977183725841527,1.0003712329022358,1.3858337906156486
959,0.95995995995996,0.9977758848235141,1.0003531167004143,1.3863902926045626
960,0.960960960960961,0.9978333008967234,1.000335465095773,1.3869470626392324
961,0.9619619619619619,0.9978906210446112,1.000318277172722,1.3875041007819329
962,0.9629629629629629,0.9979478455071602,1.0003015520189562,1.3880614070948867
963,0.963963963963964,0.9980049745234718,1.0002852887254425,1.388618981640258
964,0.964964964964965,0.998062008331784,1.000269486386405,1.389176824480156
965,0.965965965965966,0.9981189471694798,1.0002541440993085,1.3897349356766295
966,0.9669669669669669,0.9981757912730684,1.0002392609648438,1.3902933152916734
967,0.9679679679679679,0.998232540878223,1.0002248360869148,1.3908519633872216
968,0.968968968968969,0.9982891962197598,1.0002108685726219,1.3914108800251532
969,0.96996996996997,0.9983457575316255,1.0001973575322483,1.3919700652672864
970,0.970970970970971,0.9984022250469665,1.000184302079245,1.392529519175384
971,0.9719719719719719,0.9984585989980664,1.000171701330217,1.3930892418111458
972,0.9729729729729729,0.9985148796163428,1.0001595544049087,1.3936492332362187
973,0.973973973973974,0.9985710671324506,1.0001478604261897,1.3942094935121856
974,0.974974974974975,0.9986271617761852,1.0001366185200398,1.3947700227005717
975,0.975975975975976,0.9986831637764925,1.000125827815537,1.3953308208628428
976,0.9769769769769769,0.9987390733615217,1.0001154874448412,1.3958918880604052
977,0.9779779779779779,0.9987948907586407,1.0001055965431795,1.3964532243546022
978,0.978978978978979,0.9988506161943312,1.0000961542488376,1.3970148298067229
979,0.97997997997998,0.9989062498943234,1.000087159703139,1.3975767044779912
980,0.980980980980981,0.9989617920835296,1.0000786120504366,1.3981388484295718
981,0.9819819819819819,0.9990172429860616,1.0000705104380956,1.3987012617225676
982,0.9829829829829829,0.9990726028252216,1.0000628540164826,1.399263944418022
983,0.983983983983984,0.9991278718235305,1.00005564193895,1.3998268965769167
984,0.984984984984985,0.9991830502027198,1.0000488733618242,1.400390118260172
985,0.985985985985986,0.9992381381837205,1.0000425474443904,1.4009536095286446
986,0.986986986986987,0.9992931359867036,1.0000366633488813,1.4015173704431345
987,0.9879879879879879,0.9993480438310487,1.0000312202404629,1.402081401064373
988,0.988988988988989,0.9994028619353574,1.0000262172872205,1.4026457014530342
989,0.98998998998999,0.9994575905174556,1.0000216536601476,1.4032102716697288
990,0.990990990990991,0.9995122297944146,1.0000175285331319,1.4037751117750037
991,0.991991991991992,0.9995667799825335,1.0000138410829411,1.4043402218293446
992,0.992992992992993,0.9996212412973582,1.000010590489212,1.4049056018931734
993,0.993993993993994,0.999675613953648,1.000007775934437,1.4054712520268486
994,0.994994994994995,0.9997298981654439,1.0000053966039515,1.4060371722906684
995,0.995995995995996,0.99978409414601,1.0000034516859206,1.4066033627448633
996,0.996996996996997,0.9998382021078723,1.000001940371327,1.4071698234496035
997,0.997997997997998,0.9998922222628295,1.0000008618539582,1.407736554464996
998,0.998998998998999,0.9999461548218965,1.0000002153303962,1.4083035558510808
999,1.0,0.9999999999953975,1.0,1.4088708276678368
